CoachA,CoachB,relationship
Bill Hanzlik,Allan Bristow,assistant
Bill Cartwright,Alvin Gentry,assistant
Steve Clifford,Bernie Bickerstaff,assistant
J.B. Bickerstaff,Bernie Bickerstaff,assistant
Mike Brown,Bernie Bickerstaff,assistant
Kurt Rambis,Bill Bertka,assistant
Randy Wittman,Bill Blair,assistant
Mike Schuler,Bill Blair,assistant
Rick Carlisle,Bill Fitch,assistant
K.C. Jones,Bill Fitch,assistant
Mike D'Antoni,Bill Hanzlik,assistant
Tom Thibodeau,Bill Musselman,assistant
Eric Musselman,Bill Musselman,assistant
Chuck Daly,Billy Cunningham,assistant
Matt Guokas,Billy Cunningham,assistant
Greg Popovich,Bob Bass,assistant
George Karl,Bob Bass,assistant
Mike Budenholzer,Bob Hill,assistant
Randy Wittman,Bob Hill,assistant
Lionel Hollins,Bob Hill,assistant
Phil Jackson,Bob MacKinnon,assistant
Johnny Davis,Bob Weiss,assistant
Lawrence Frank,Brian Hill,assistant
Lionel Hollins,Brian Winters,assistant
Lawrence Frank,Byron Scott,assistant
Mike Woodson,Chris Ford,assistant
Dick Versace,Chris Ford,assistant
Rick Carlisle,Chuck Daly,assistant
Eric Musselman,Chuck Daly,assistant
Dick Versace,Chuck Daly,assistant
Paul Westphal,Cotton Fitzsimmons,assistant
Lionel Hollins,Cotton Fitzsimmons,assistant
Frank Johnson,Danny Ainge,assistant
Scott Skiles,Danny Ainge,assistant
K.C. Jones,Dave Cowens,assistant
Tyronn Lue,David Blatt,assistant
Kurt Rambis,Del Harris,assistant
Bernie Bickerstaff,Dick Motta,assistant
Phil Johnson,Dick Motta,assistant
Bob Weiss,Dick Motta,assistant
Tyronn Lue,Doc Rivers,assistant
Tom Thibodeau,Doc Rivers,assistant
Eric Musselman,Doc Rivers,assistant
Mike Malone,Don Chaney,assistant
Tom Thibodeau,Don Chaney,assistant
Lon Kruger,Don Chaney,assistant
K.C. Jones,Don Chaney,assistant
Greg Popovich,Don Nelson,assistant
Jeff Van Gundy,Don Nelson,assistant
Mike Schuler,Don Nelson,assistant
Avery Johnson,Don Nelson,assistant
Alvin Gentry,Doug Collins,assistant
Quin Snyder,Doug Collins,assistant
Phil Jackson,Doug Collins,assistant
George Karl,Doug Moe,assistant
Bob Bass,Doug Moe,assistant
Jerry Sloan,Ed Badger,assistant
Scott Brooks,Eric Musselman,assistant
David Fizdale,Eric Musselman,assistant
David Fizdale,Erik Spoelstra,assistant
Randy Wittman,Flip Saunders,assistant
Kurt Rambis,Frank Hamblen,assistant
Mike D'Antoni,Frank Johnson,assistant
Marc Iavaroni,Frank Johnson,assistant
Bernie Bickerstaff,Gene Shue,assistant
Bob Weiss,Gene Shue,assistant
Terry Stotts,George Karl,assistant
Dwane Casey,George Karl,assistant
Scott Brooks,George Karl,assistant
Mike Woodson,George Karl,assistant
Sam Mitchell,Gerorge Karl,assistant
Mike Budenholzer,Greg Popovich,assistant
Brett Brown,Greg Popovich,assistant
Mike Brown,Greg Popovich,assistant
Bob Hill,Hubie Brown,assistant
Lionel Hollins,Hubie Brown,assistant
Rick Pitino,Hubie Brown,assistant
Mike Fratello,Hubie Brown,assistant
Scott Brooks,Jeff Bzdelik,assistant
Earl Watson,Jeff Hornacek,assistant
Steve Clifford,Jeff Van Gundy,assistant
Tom Thibodeau,Jeff Van Gundy,assistant
Kevin O'Neill,Jeff Van Gundy,assistant
Jeff Hornacek,Jerry Sloan,assistant
Tyrone Corbin,Jerry Sloan,assistant
Don Chaney,Jim Lynam,assistant
Fred Carter,Jim Lynam,assistant
Frank Vogel,Jim O'Brien,assistant
Chris Ford,Jimmy Rodgers,assistant
Tom Thibodeau,John Lucas,assistant
Maurice Cheeks,John Lucas,assistant
Jeff Van Gundy,John MacLeod,assistant
John Wetzel,John MacLeod,assistant
Dave Joerger,Johnny Davis,assistant
Bernie Bickerstaff,K.C. Jones,assistant
Chris Ford,K.C. Jones,assistant
Alvin Gentry,Kevin Loughery,assistant
Phil Jackson,Kevin Loughery,assistant
Mike Fratello,Kevin Loughery,assistant
Fred Carter,Kevin Loughery,assistant
J.B. Bickerstaff,Kevin McHale,assistant
Jay Triano,Kevin O'Neill,assistant
J.B. Bickerstaff,Kurt Rambis,assistant
Rick Carlisle,Larry Bird,assistant
Alvin Gentry,Larry Brown,assistant
Greg Popovich,Larry Brown,assistant
Quin Snyder,Larry Brown,assistant
Mike Woodson,Larry Brown,assistant
Mike Schuler,Larry Brown,assistant
Maurice Cheeks,Larry Brown,assistant
Doug Moe,Larry Brown,assistant
Don Nelson,Larry Costello,assistant
Hubie Brown,Larry Costello,assistant
Bill Cartwright,Lawrence Frank,assistant
Mike Malone,Lenny Wilkens,assistant
Jay Triano,Lenny Wilkens,assistant
Bill Hanzlik,Lenny Wilkens,assistant
Lon Kruger,Lenny Wilkens,assistant
Dave Joerger,Lionel Hollins,assistant
Lawrence Frank,Lionel Hollins,assistant
Terry Stotts,Lon Kruger,assistant
Eric Musselman,Lon Kruger,assistant
Dave Joerger,Marc Iavaroni,assistant
Mike Malone,Mark Jackson,assistant
Fred Carter,Matt Guokas,assistant
Brian Hill,Matt Guokas,assistant
Steve Clifford,Mike Brown,assistant
Mike Malone,Mike Brown,assistant
Quin Snyder,Mike Brown,assistant
Kenny Atkinson,Mike Budenholzer,assistant
Quin Snyder,Mike Budenholzer,assistant
Kenny Atkinson,Mike D'Antoni,assistant
Steve Clifford,Mike D'Antoni,assistant
Marc Iavaroni,Mike D'Antoni,assistant
Eric Musselman,Mike Dunleavy,assistant
Marc Iavaroni,Mike Fratello,assistant
Lionel Hollins,Mike Fratello,assistant
Brian Hill,Mike Fratello,assistant
Alvin Gentry,Mike Schuler,assistant
Kenny Atkinson,Mike Woodson,assistant
David Fizdale,Mike Woodson,assistant
Mike Malone,Monty Williams,assistant
Dwane Casey,Nate McMillan,assistant
Monty Williams,Nate McMillan,assistant
Rick Carlisle,P.J. Carlesimo,assistant
Scott Brooks,P.J. Carlesimo,assistant
Johnny Davis,P.J. Carlesimo,assistant
Stan Van Gundy,Pat Riley,assistant
Erik Spoelstra,Pat Riley,assistant
Jeff Van Gundy,Pat Riley,assistant
Marc Iavaroni,Pat Riley,assistant
Jeff Bzdelik,Pat Riley,assistant
Stan Van Gundy,Pat Riley,assistant
Pat Riley,Paul Westhead,assistant
Nate McMillan,Paul Westphal,assistant
Dwane Casey,Paul Westphal,assistant
Lionel Hollins,Paul Westphal,assistant
Kurt Rambis,Phil Jackson,assistant
Bill Cartwright,Phil Jackson,assistant
Jim Cleamons,Phil Jackson,assistant
Randy Wittman,Quinn Buckner,assistant
J.B. Bickerstaff,Randy Wittman,assistant
Mike Woodson,Randy Wittman,assistant
Byron Scott,Rick Adelman,assistant
John Wetzel,Rick Adelman,assistant
Mike Brown,Rick Carlisle,assistant
Kevin O'Neill,Rick Carlisle,assistant
Jim O'Brien,Rick Pitino,assistant
Stu Jackson,Rick Pitino,assistant
Kurt Rambis,Rudy Tomjanovich,assistant
Jay Triano,Sam Mitchell,assistant
Frank Johnson,Scott Skiles,assistant
Don Chaney,Scotty Robertson,assistant
Lionel Hollins,Sidney Lowe,assistant
Mike Schuler,Stan Albeck,assistant
Steve Clifford,Stan Van Gundy,assistant
Luke Walton,Steve Kerr,assistant
Jeff Van Gundy,Stu Jackson,assistant
Lionel Hollins,Stu Jackson,assistant
Sam Mitchell,Terry Porter,assistant
Bill Cartwright,Terry Porter,assistant
Bill Cartwright,Tim Floyd,assistant
K.C. Jones,Tom Heinsohn,assistant
Del Harris,Tom Nissalke,assistant
Jeff Hornacek,Tyrone Corbin,assistant
Jeff Bzdelik,Wes Unseld,assistant
Fred Hoiberg,Larry Brown,player
Fred Hoiberg,Larry Bird,player
Fred Hoiberg,Tim Floyd,player
Fred Hoiberg,Bill Cartwright,player
Fred Hoiberg,Flip Saunders,player
Fred Hoiberg,Kevin McHale,player
Tyronn Lue,Del Harris,player
Tyronn Lue,Kurt Rambis,player
Tyronn Lue,Phil Jackson,player
Tyronn Lue,Doug Collins,player
Tyronn Lue,Doc Rivers,player
Tyronn Lue,Johnny Davis,player
Tyronn Lue,Jeff Van Gundy,player
Tyronn Lue,Avery Johnson,player
Tyronn Lue,Mike Woodson,player
Tyronn Lue,Scott Skiles,player
Tyronn Lue,Stan Van Gundy,player
Rick Carlisle,K.C. Jones,player
Rick Carlisle,Rick Pitino,player
Rick Carlisle,Bill Fitch,player
Steve Kerr,Cotton Fitzsimmons,player
Steve Kerr,Lenny Wilkens,player
Steve Kerr,Matt Guokas,player
Steve Kerr,Phil Jackson,player
Steve Kerr,Greg Popovich,player
Steve Kerr,Maurice Cheeks,player
Mike D'Antoni,Phil Johnson,player
Mike D'Antoni,Rod Thorn,player
Mike D'Antoni,Joe Mullaney,player
Mike D'Antoni,Doug Moe,player
Nate McMillan,K.C. Jones,player
Nate McMillan,Bernie Bickerstaff,player
Nate McMillan,George Karl,player
Doc Rivers,Mike Fratello,player
Doc Rivers,Bob Weiss,player
Doc Rivers,Mike Schuler,player
Doc Rivers,Larry Brown,player
Doc Rivers,Pat Riley,player
Doc Rivers,Bob Hill,player
Luke Walton,Phil Jackson,player
Luke Walton,Mike Brown,player
Luke Walton,Byron Scott,player
Jason Kidd,Dick Motta,player
Jason Kidd,Jim Cleamons,player
Jason Kidd,Cotton Fitzsimmons,player
Jason Kidd,Scott Skiles,player
Jason Kidd,Danny Ainge,player
Jason Kidd,Byron Scott,player
Jason Kidd,Lawrence Frank,player
Jason Kidd,Avery Johnson,player
Jason Kidd,Rick Carlisle,player
Jason Kidd,Mike Woodson,player
Jeff Hornacek,John MacLeod,player
Jeff Hornacek,John Wetzel,player
Jeff Hornacek,Cotton Fitzsimmons,player
Jeff Hornacek,Doug Moe,player
Jeff Hornacek,Fred Carter,player
Jeff Hornacek,Jerry Sloan,player
Jeff Hornacek,Rick Pitino,player
Mike Woodson,Lenny Wilkens,player
Mike Woodson,Don Chaney,player
Mike Woodson,Gene Shue,player
Mike Woodson,Jack McKinney,player
Mike Woodson,Phil Johnson,player
Mike Woodson,Red Holzman,player
Mike Woodson,Larry Brown,player
Mike Woodson,Cotton Fitzsimmons,player
Larry Bird,Bill Fitch,player
Larry Bird,K.C. Jones,player
Larry Bird,Jimmy Rodgers,player
Larry Bird,Chris Ford,player
Don Chaney,Bill Russell,player
Don Chaney,Tom Heinsohn,player
Don Chaney,Rod Thorn,player
Don Chaney,Joe Mullaney,player
Don Chaney,Jerry Wes��,player
Don Chaney,Tom Sanders,player
Don Chaney,Dave Cowens,player
Don Chaney,Bill Fitch,player
Lenny Wilkens,Paul Seymour,player
Lenny Wilkens,Andrew Levane,player
Lenny Wilkens,Harry Gallatin,player
Lenny Wilkens,Richie Guerin,player
Lenny Wilkens,Bill Fitch,player
Monty Williams,Pat Riley,player
Monty Williams,Don Nelson,player
Monty Williams,Jeff Van Gundy,player
Monty Williams,Bob Hill,player
Monty Williams,Greg Popovich,player
Monty Williams,Mike D'Antoni,player
Monty Williams,Doc Rivers,player
Monty Williams,Larry Brown,player
Mark Jackson,Rick Pitino,player
Mark Jackson,Stu Jackson,player
Mark Jackson,John MacLeod,player
Mark Jackson,Pat Riley,player
Mark Jackson,Bob Weiss,player
Mark Jackson,Dick Motta,player
Mark Jackson,Bernie Bickerstaff,player
Mark Jackson,Larry Brown,player
Mark Jackson,Larry Bird,player
Mark Jackson,Lenny Wilkens,player
Mark Jackson,Jerry Sloan,player
Mark Jackson,Jeff Van Gundy,player
Pat Riley,Jack McMahon,player
Pat Riley,Alex Hannum,player
Pat Riley,Bill Sharman,player
Pat Riley,John MacLeod,player
Bill Hanzlik,Lenny Wilkens,player
Bill Hanzlik,Doug Moe,player
Frank Johnson,Gene Shue,player
Frank Johnson,Kevin Loughery,player
Frank Johnson,Wes Unseld,player
Frank Johnson,Don Chaney,player
Frank Johnson,Paul Westphal,player
Paul Westphal,Tom Heinsohn,player
Paul Westphal,Lenny Wilkens,player
Paul Westphal,Red Holzman,player
Paul Westphal,Hubie Brown,player
Paul Westphal,John MacLeod,player
Randy Wittman,Mike Fratello,player
Randy Wittman,Jerry Reynolds,player
Randy Wittman,Dick Versace,player
Randy Wittman,Bob Hill,player
Kurt Rambis,Paul Westhead,player
Kurt Rambis,Pat Riley,player
Kurt Rambis,Gene Littles,player
Kurt Rambis,Dick Harter,player
Kurt Rambis,Cotton Fitzsimmons,player
Kurt Rambis,Paul Westphal,player
Kurt Rambis,Garry St. Jean,player
Kurt Rambis,Magic Johnson,player
Kurt Rambis,Randy Pfund,player
Kurt Rambis,Bill Bertka,player
Kurt Rambis,Del Harris,player
Kevin McHale,Bill Fitch,player
Kevin McHale,K.C. Jones,player
Kevin McHale,Jimmy Rodgers,player
Kevin McHale,Chris Ford,player
John Lucas,Don Chaney,player
John Lucas,Bernie Bickerstaff,player
John Lucas,Del Harris,player
John Lucas,Don Nelson,player
John Lucas,Bill Fitch,player
John Lucas,Morris McHone,player
John Lucas,Bob Bass,player
John Lucas,Gene Shue,player
John Lucas,Al Attles,player
John Lucas,Tom Nissalke,player
Larry Brown,Alex Hannum,player
Larry Brown,Al Bianchi,player
Larry Brown,Joe Belmont,player
Larry Brown,Stan Albeck,player
Larry Brown,Babe McCarthy,player
Kevin Loughery,Dick McGuire,player
Kevin Loughery,Charles Wolf,player
Kevin Loughery,Slick Leonard,player
Kevin Loughery,Gene Shue,player
Kevin Loughery,Paul Seymour,player
Kevin Loughery,Buddy Jeannette,player
Kevin Loughery,Jack Ramsay,player
Kevin Loughery,Roy Rubin,player
Doug Collins,Billy Cunningham,player
Jerry Sloan,Red Kerr,player
Jerry Sloan,Dick Motta,player
Tyrone Corbin,Cotton Fitzsimmons,player
Tyrone Corbin,Bob Weiss,player
Tyrone Corbin,Lenny Wilkens,player
Tyrone Corbin,John Wetzel,player
Tyrone Corbin,Bill Musselman,player
Tyrone Corbin,Jimmy Rodgers,player
Tyrone Corbin,Jerry Sloan,player
Tyrone Corbin,Garry St. Jean,player
Tyrone Corbin,Pat Riley,player
Tyrone Corbin,Rick Adelman,player
Sam Mitchell,Bill Musselman,player
Sam Mitchell,Jimmy Rodgers,player
Sam Mitchell,Bob Hill,player
Sam Mitchell,Larry Brown,player
Sam Mitchell,Bill Blair,player
Sam Mitchell,Flip Saunders,player
Earl Watson,Nate McMillan,player
Earl Watson,Sidney Lowe,player
Earl Watson,Hubie Brown,player
Earl Watson,Lionel Hollins,player
Earl Watson,Mike Fratello,player
Earl Watson,George Karl,player
Earl Watson,Bob Weiss,player
Earl Watson,Bob Hill,player
Earl Watson,P.J. Carlesimo,player
Earl Watson,Scott Brooks,player
Earl Watson,Jim O'Brien,player
Earl Watson,Jerry Sloan,player
Earl Watson,Tyrone Corbin,player
Earl Watson,Terry Stotts,player
George Karl,Tom Nissalke,player
George Karl,Bob Bass,player
George Karl,Doug Moe,player
Marc Iavaroni,Billy Cunningham,player
Marc Iavaroni,Cotton Fitzsimmons,player
Marc Iavaroni,Frank Layden,player
Marc Iavaroni,Jerry Sloan,player
Johnny Davis,Jack Ramsay,player
Johnny Davis,Slick Leonard,player
Johnny Davis,Jack McKinney,player
Johnny Davis,Kevin Loughery,player
Johnny Davis,Mike Fratello,player
Johnny Davis,George Karl,player
Johnny Davis,Gene Littles,player
Lionel Hollins,Lenny Wilkens,player
Lionel Hollins,Jack McKinney,player
Lionel Hollins,Billy Cunningham,player
Lionel Hollins,Paul Silas,player
Lionel Hollins,Bill Fitch,player
Lionel Hollins,Chuck Daly,player
Don Nelson,Red Auerbach,player
Don Nelson,Bill Russell,player
Don Nelson,Tom Heinsohn,player
Don Nelson,Fred Schaus,player
Don Nelson,Jack McMahon,player
Don Nelson,Slick Leonard,player
Bill Cartwright,Red Holzman,player
Bill Cartwright,Hubie Brown,player
Bill Cartwright,Bob Hill,player
Bill Cartwright,Rick Pitino,player
Bill Cartwright,Doug Collins,player
Bill Cartwright,Phil Jackson,player
Bill Cartwright,George Karl,player
Phil Jackson,Kevin Loughery,player
Phil Jackson,Willis Reed,player
Phil Jackson,Dick McGuire,player
Phil Jackson,Red Holzman,player
Avery Johnson,Bernie Bickerstaff,player
Avery Johnson,Paul Westhead,player
Avery Johnson,Larry Brown,player
Avery Johnson,Bob Bass,player
Avery Johnson,Don Chaney,player
Avery Johnson,Rudy Tomjanovich ,player
Avery Johnson,John Lucas,player
Avery Johnson,Don Nelson,player
Avery Johnson,Bob Hill,player
Avery Johnson,Greg Popovich,player
Avery Johnson,Dan Issel,player
Avery Johnson,Eric Musselman,player
Scott Skiles,Don Nelson,player
Scott Skiles,Jack Ramsay,player
Scott Skiles,George Irvine,player
Scott Skiles,Dick Versace,player
Scott Skiles,Matt Guokas,player
Scott Skiles,Brian Hill,player
Scott Skiles,Jim Lynam,player
Scott Skiles,John Lucas,player
K.C. Jones,Red Auerbach,player
K.C. Jones,Bill Russell,player
Matt Guokas,Alex Hannum,player
Matt Guokas,Jack Ramsay,player
Matt Guokas,Dick Motta,player
Matt Guokas,Bob Cousy,player
Matt Guokas,Phil Johnson,player
Matt Guokas,Johnny Egan,player
Matt Guokas,Jack Ramsay,player
Maurice Cheeks,Billy Cunningham,player
Maurice Cheeks,Matt Guokas,player
Maurice Cheeks,Jim Lynam,player
Maurice Cheeks,Larry Brown,player
Maurice Cheeks,Stu Jackson,player
Maurice Cheeks,John MacLeod,player
Maurice Cheeks,Bob Weiss,player
Maurice Cheeks,Chuck Daly,player
Joe Mullaney,Alvin Julian,player
Doug Moe,Al Bianchi,player
Doug Moe,Bones McKinney,player
Doug Moe,Alex Hannum,player
Doug Moe,Babe McCarthy,player
Bob Weiss,Dolph Schayes,player
Bob Weiss,Alex Hannum,player
Bob Weiss,Al Bianchi,player
Bob Weiss,Larry Costello,player
Bob Weiss,Dick Motta,player
Bob Weiss,Jack Ramsay,player
Byron Scott,Pat Riley,player
Byron Scott,Mike Dunleavy,player
Byron Scott,Randy Pfund,player
Byron Scott,Larry Brown,player
Byron Scott,Brian Winters,player
Byron Scott,Del Harris,player
Jim Cleamons,Bill Sharman,player
Jim Cleamons,Bill Fitch,player
Jim Cleamons,Willis Reed,player
Jim Cleamons,Red Holzman,player
Jim Cleamons,Dick Motta,player
Danny Ainge,Bill Fitch,player
Danny Ainge,K.C. Jones,player
Danny Ainge,Jimmy Rodgers,player
Danny Ainge,Jerry Reynolds,player
Danny Ainge,Dick Motta,player
Danny Ainge,Rick Adelman,player
Danny Ainge,Paul Westphal,player
John Wetzel,Butch Van Breda Kolff,player
John Wetzel,Cotton Fitzsimmons,player
John Wetzel,John MacLeod,player
Fred Carter,Gene Shue,player
Fred Carter,Jack Ramsay,player
Fred Carter,Larry Costello,player
Fred Carter,Don Nelson,player
Chris Ford,Ray Scott,player
Chris Ford,Dick Vital,player
Chris Ford,Dave Cowens,player
Chris Ford,Bill Fitch,player
Gene Shue,Slick Leonard,player
Gene Shue,Eddie Donovan,player
Gene Shue,Charles Eckman,player
Gene Shue,Red Rocha,player
Gene Shue,Dick McGuire,player
Vinny Del Negro,Garry St. Jean,player
Vinny Del Negro,Jerry Reynolds,player
Vinny Del Negro,Dick Motta,player
Vinny Del Negro,George Karl,player
Vinny Del Negro,Dave Cowens,player
Vinny Del Negro,Scott Skiles,player
Vinny Del Negro,Frank Johnson,player
Billy Cunningham,Dolph Schayes,player
Billy Cunningham,Jack Ramsay,player
Billy Cunningham,Alex Hannum,player
Billy Cunningham,Gene Shue,player
Billy Cunningham,Larry Brown,player